id,city,district,std-code,state,gst-state-code,iso_3166-2,population,rank,latitude,longitude,altitude
1,Port Blair,South Andaman,3192,Andaman and Nicobar Islands,AN,IN-AN,108058,423,11.6233774,92.7264828,16.12903976
2,Adoni,Kurnool,8512,Andhra Pradesh,AD,IN-AP,166537,261,15.6322227,77.2728368,425.79953
3,Amaravati,Guntur,866,Andhra Pradesh,AD,IN-AP,103000,446,16.574517,80.359012,34.70643616
4,Anantapur,Anantapur,8554,Andhra Pradesh,AD,IN-AP,268503,168,14.6818877,77.6005911,348.9018555
5,Bhimavaram,West,8816,Andhra Pradesh,AD,IN-AP,142280,319,16.544709,81.520593,8.032157898
6,Chilakaluripet,Guntur,8646,Andhra Pradesh,AD,IN-AP,101398,457,16.0924301,80.1623948,34.29998016
7,Chittoor,Chittoor,8572,Andhra Pradesh,AD,IN-AP,153766,289,13.217176,79.1003289,310.4804688
8,Dharmavaram,Anantapur,8559,Andhra Pradesh,AD,IN-AP,121874,369,14.422733,77.721472,366.432251
9,Eluru,West,8812,Andhra Pradesh,AD,IN-AP,217876,201,16.7106604,81.0952431,21.15529251
10,Gudivada,Krishna,8674,Andhra Pradesh,AD,IN-AP,118167,381,16.4410255,80.9926327,12.98032093
11,Guntakal,Anantapur,8552,Andhra Pradesh,AD,IN-AP,126270,359,15.1674091,77.3736238,456.1523132
12,Guntur,Guntur,863,Andhra Pradesh,AD,IN-AP,743354,61,16.3066525,80.4365402,39.71603775
13,Hindupur,Anantapur,8556,Andhra Pradesh,AD,IN-AP,151835,292,13.829069,77.491835,628.6644287
14,Kadapa,Kadapa,8562,Andhra Pradesh,AD,IN-AP,341823,129,14.4673541,78.8241339,137.4309082
15,Kakinada,East,884,Andhra Pradesh,AD,IN-AP,312255,141,16.9890648,82.2474648,7.053235054
16,Kurnool,Kurnool,8518,Andhra Pradesh,AD,IN-AP,424920,105,15.8281257,78.0372792,284.974884
17,Machilipatnam,Krishna,8672,Andhra Pradesh,AD,IN-AP,169892,256,16.1905457,81.1361543,10.91092873
18,Madanapalle,Chittoor,8571,Andhra Pradesh,AD,IN-AP,135669,335,13.5603491,78.5036065,690.973877
19,Nandyal,Kurnool,8514,Andhra Pradesh,AD,IN-AP,200746,215,15.4785694,78.4830934,211.9016724
20,Narasaraopet,Guntur,8647,Andhra Pradesh,AD,IN-AP,116250,390,16.2353506,80.0479039,76.20675659
21,Nellore,Nellore,861,Andhra Pradesh,AD,IN-AP,499575,89,14.4425987,79.986456,19.11972427
22,Ongole,Prakasam,8592,Andhra Pradesh,AD,IN-AP,202826,212,15.5057232,80.049922,19.72561646
23,Proddatur,Kadapa,8564,Andhra Pradesh,AD,IN-AP,162816,270,14.7491864,78.5531577,159.6723785
24,Rajamahendravaram,East,883,Andhra Pradesh,AD,IN-AP,419818,106,17.0005383,81.8040345,36.38978577
25,Srikakulam,Srikakulam,8942,Andhra Pradesh,AD,IN-AP,125939,362,18.2969747,83.8967813,16.95469856
26,Tadepalligudem,West,8818,Andhra Pradesh,AD,IN-AP,103906,442,16.8138415,81.521241,17.9314785
27,Tadipatri,Anantapur,8558,Andhra Pradesh,AD,IN-AP,108171,422,14.9070274,78.0092703,239.9841156
28,Tenali,Guntur,8644,Andhra Pradesh,AD,IN-AP,164937,265,16.2395313,80.6493396,17
29,Tirupati,Chittoor,877,Andhra Pradesh,AD,IN-AP,374260,117,13.6287557,79.4191795,153.6281586
30,Vijayawada,Krishna,866,Andhra Pradesh,AD,IN-AP,1048240,42,16.5061743,80.6480153,31.65884972
31,Visakhapatnam,Visakhapatnam,891,Andhra Pradesh,AD,IN-AP,2035922,18,17.6868159,83.2184815,54.02649689
32,Vizianagaram,Vizianagaram,8922,Andhra Pradesh,AD,IN-AP,228025,194,18.1066576,83.3955506,66.53398132
33,Itanagar,Papum Pare,360,Arunachal Pradesh,AR,IN-AR,34970,526,27.081581,93.6027,260.4170227
34,Bongaigaon,Bongaigaon,3664,Assam,AS,IN-AS,174973,247,26.5009992,90.5352356,61.44454956
35,Dhubri,Dhubri,3662,Assam,AS,IN-AS,109234,419,26.0206982,89.9743463,31.24821281
36,Dibrugarh,Dibrugarh,373,Assam,AS,IN-AS,154019,288,27.4728327,94.9119621,109.443573
37,Guwahati,Kamrup,361,Assam,AS,IN-AS,968549,47,26.1445169,91.7362365,49.71243286
38,Jorhat,Jorhat,376,Assam,AS,IN-AS,153249,291,26.7465203,94.2025859,93
39,Nagaon,Nagaon,3672,Assam,AS,IN-AS,147137,303,26.3463713,92.6840426,70.47322083
40,Silchar,Cachar,3842,Assam,AS,IN-AS,228985,193,24.8332708,92.7789054,24
41,Tezpur,Sonitpur,3712,Assam,AS,IN-AS,100477,461,26.6528495,92.7925592,80.89276886
42,Tinsukia,Tinsukia,374,Assam,AS,IN-AS,125637,363,27.4921909,95.346775,124.8054733
43,Arrah,Bhojpur,6182,Bihar,BR,IN-BR,261099,173,25.5560443,84.6603307,65.22813416
44,Aurangabad,Aurangabad,6186,Bihar,BR,IN-BR,101520,456,24.7457189,84.3804888,115.0035934
45,Bagaha,West Champaran,6251,Bihar,BR,IN-BR,113012,405,27.128635,84.062203,94
46,Begusarai,Begusarai,6243,Bihar,BR,IN-BR,251136,178,25.416675,86.1293792,48.2841301
47,Bettiah,West Champaran,6254,Bihar,BR,IN-BR,156200,278,26.8028048,84.5169757,77.7228775
48,Bhagalpur,Bhagalpur,641,Bihar,BR,IN-BR,410210,109,25.2414303,86.9924358,44.16566086
49,Bihar Sharif,Nalanda,6112,Bihar,BR,IN-BR,296889,153,25.1982147,85.5148735,58.44003296
50,Buxar,Buxar,6183,Bihar,BR,IN-BR,110608,414,25.5647103,83.9777482,67.23199463
51,Chhapra,Saran,6152,Bihar,BR,IN-BR,212955,204,25.7795649,84.7498886,60.20641708
52,Darbhanga,Darbhanga,6272,Bihar,BR,IN-BR,306089,146,26.111868,85.896004,56.54932022
53,Dehri,Rohtas,6184,Bihar,BR,IN-BR,137068,332,24.9277351,84.1909841,107.9899445
54,Gaya,Gaya,631,Bihar,BR,IN-BR,470839,97,24.7954523,84.999431,116.2075958
55,Hajipur,Vaishali,6224,Bihar,BR,IN-BR,147688,299,25.692562,85.208369,55.33710098
56,Jamalpur,Munger,6344,Bihar,BR,IN-BR,105221,438,25.312717,86.4906091,53
57,Jehanabad,Jehanabad,6114,Bihar,BR,IN-BR,102456,449,25.2139287,84.9895549,70.55371094
58,Katihar,Katihar,6452,Bihar,BR,IN-BR,240565,184,25.542424,87.567953,33.50004196
59,Kishanganj,Kishanganj,6456,Bihar,BR,IN-BR,107076,427,26.0917422,87.9383822,52.08067703
60,Lakhisarai,Lakhisarai,6346,Bihar,BR,IN-BR,99931,467,25.1673614,86.0988253,44.62659454
61,Motihari,East Champaran,6252,Bihar,BR,IN-BR,125183,366,26.6469624,84.9088938,71.75642395
62,Munger,Munger,6344,Bihar,BR,IN-BR,213101,203,25.376505,86.476588,49.78596115
63,Muzaffarpur,Muzaffarpur,621,Bihar,BR,IN-BR,393724,113,26.1208876,85.3647201,59.51567841
64,Nawada,Nawada,6324,Bihar,BR,IN-BR,118820,377,24.877299,85.538434,90.87934875
65,Patna,Patna,612,Bihar,BR,IN-BR,2046652,17,25.5940947,85.1375645,54.95563126
66,Purnia,Purnia,6454,Bihar,BR,IN-BR,310817,143,25.7771391,87.4752551,42.60599518
67,Saharsa,Saharsa,6478,Bihar,BR,IN-BR,155175,280,25.8834961,86.6006249,48.17268372
68,Sasaram,Rohtas,6184,Bihar,BR,IN-BR,147396,302,24.949036,84.0314295,108.2407227
69,Sitamarhi,Sitamarhi,6226,Bihar,BR,IN-BR,105924,433,26.5952476,85.4808393,67
70,Siwan,Siwan,6154,Bihar,BR,IN-BR,134458,337,26.2196205,84.3566593,71.35335541
71,Chandigarh,Chandigarh,172,Chandigarh,CH,IN-CH,1054686,41,30.7399738,76.7567368,334.1286316
72,Ambikapur,Surguja,7774,Chhattisgarh,CG,IN-CT,114575,399,23.1354921,83.1817856,604.1185913
73,Bilaspur,Bilaspur,7752,Chhattisgarh,CG,IN-CT,330106,131,22.0796251,82.1391412,270.4966431
74,Chirmiri,Koriya,7771,Chhattisgarh,CG,IN-CT,103575,444,23.1879502,82.354162,579.0206909
75,Dhamtari,Dhamtari,7722,Chhattisgarh,CG,IN-CT,101677,453,20.7014999,81.5541579,326.9315491
76,Durg,Durg,788,Chhattisgarh,CG,IN-CT,894376,55,21.1904494,81.2849169,296.6963806
77,Jagdalpur,Bastar,7782,Chhattisgarh,CG,IN-CT,125345,365,19.0740973,82.008014,559.7224121
78,Korba,Korba,7759,Chhattisgarh,CG,IN-CT,363210,121,22.3594501,82.7500595,314.9524231
79,Mahasamund,Mahasamund,7723,Chhattisgarh,CG,IN-CT,96850,481,21.1091317,82.0979023,298.6129761
80,Naya Raipur,Raipur,771,Chhattisgarh,CG,IN-CT,560000,77,21.1649932,81.7753055,314
81,Pakhanjore,kanker,7844,Chhattisgarh,CG,IN-CT,142240,320,20.0399913,80.6271415,335.3703308
82,Raigarh,Raigarh,7762,Chhattisgarh,CG,IN-CT,100097,465,21.8974003,83.3949632,225.9944305
83,Raipur,Raipur,771,Chhattisgarh,CG,IN-CT,1010087,44,21.2513844,81.6296413,296.9813843
84,Rajnandgaon,Rajnandgaon,7744,Chhattisgarh,CG,IN-CT,263122,170,21.0971034,81.0302222,309.6764221
85,Daman,Daman,2875,Dadra and Nagar Haveli and Daman and Diu,DNHDD,IN-DH,191173,229,20.3973736,72.8327991,13.75084972
86,Silvassa,Dadra and Nagar Haveli,260,Dadra and Nagar Haveli and Daman and Diu,DNHDD,IN-DH,98265,472,20.2762659,73.0083061,45.3859787
87,Delhi,Delhi,11,Delhi,DL,IN-DL,16314838,1,28.6139391,77.2090212,213.1585999
88,Margao,South Goa,832,Goa,GA,IN-GA,87650,517,15.2832187,73.986191,34.68006897
89,Mormugao,South Goa,832,Goa,GA,IN-GA,97085,479,15.3874352,73.8154394,25.81946754
90,Panaji,North Goa,832,Goa,GA,IN-GA,114405,401,15.4909301,73.8278496,51.43948746
91,Vasco,South Goa,832,Goa,GA,IN-GA,100485,460,15.3860329,73.8440398,43.95529175
92,Ahmedabad,Ahmedabad,79,Gujarat,GJ,IN-GJ,6577940,7,23.022505,72.5713621,50.38751221
93,Amreli,Amreli,2792,Gujarat,GJ,IN-GJ,105573,435,21.6031774,71.2220832,125.6765442
94,Amreli,Amreli,2792,Gujarat,GJ,IN-GJ,105573,436,21.6031774,71.2220832,125.6765442
95,Anand,Anand,2692,Gujarat,GJ,IN-GJ,198282,219,22.5645175,72.928871,40.31628799
96,Ankleshwar,Bharuch,2646,Gujarat,GJ,IN-GJ,140839,324,21.6264236,73.0151984,24.07283211
97,Bharuch,Bharuch,2642,Gujarat,GJ,IN-GJ,169007,258,21.701963,72.99996,16.83368874
98,Bhavnagar,Bhavnagar,278,Gujarat,GJ,IN-GJ,593368,74,21.768064,72.147388,30.2083931
99,Bhuj,Kutch,2832,Gujarat,GJ,IN-GJ,143286,317,23.2419997,69.6669324,104.7913437
100,Botad,Botad,2849,Gujarat,GJ,IN-GJ,130327,350,22.1704232,71.6684269,89.01899719
101,Dahod,Dahod,2673,Gujarat,GJ,IN-GJ,118846,375,22.8379314,74.2531465,300.2412109
102,Deesa,Banaskantha,2744,Gujarat,GJ,IN-GJ,111149,411,24.2585031,72.1906721,144.5768585
103,Gandhidham,Kutch,2836,Gujarat,GJ,IN-GJ,247992,181,23.075297,70.133673,18.43569565
104,Gandhinagar,Gandhinagar,2712,Gujarat,GJ,IN-GJ,206167,208,23.2156354,72.6369415,78.92721558
105,Godhra,Panchmahal,2672,Gujarat,GJ,IN-GJ,143644,313,22.7788044,73.6142795,126.504921
106,Gondal,Rajkot,2825,Gujarat,GJ,IN-GJ,112197,407,21.9619463,70.792297,140.0986023
107,Jamnagar,Jamnagar,288,Gujarat,GJ,IN-GJ,479920,95,22.4707019,70.05773,21.02386665
108,Jetpur,Rajkot,2823,Gujarat,GJ,IN-GJ,118302,380,21.761778,70.621101,85.68093109
109,Junagadh,Junagadh,285,Gujarat,GJ,IN-GJ,319462,139,21.522184,70.4578768,90.03440857
110,Kalol,Gandhinagar,2764,Gujarat,GJ,IN-GJ,113153,404,23.2463895,72.5086513,69.38564301
111,Khambhat,Anand,2698,Gujarat,GJ,IN-GJ,183830,237,22.316748,72.624144,17.96876717
112,Mahuva,Bhavnagar,2844,Gujarat,GJ,IN-GJ,98519,471,21.0902193,71.7563169,15.56348133
113,Mehsana,Mehsana,2762,Gujarat,GJ,IN-GJ,84133,522,23.5879607,72.3693252,82.83050537
114,Morbi,Morbi,2822,Gujarat,GJ,IN-GJ,194947,225,22.8119895,70.8236195,49.09431839
115,Nadiad,Kheda,268,Gujarat,GJ,IN-GJ,218095,200,22.6915853,72.8633635,36.0011673
116,Navsari,Navsari,2637,Gujarat,GJ,IN-GJ,160941,274,20.9467019,72.9520348,15.55265999
117,Palanpur,Palanpur,2742,Gujarat,GJ,IN-GJ,122344,368,24.174051,72.4330989,218.0046692
118,Patan,Patan,2766,Gujarat,GJ,IN-GJ,125497,364,23.8493246,72.1266255,83.89413452
119,Porbandar,Porbandar,286,Gujarat,GJ,IN-GJ,151770,293,21.6417069,69.6292654,7.072003841
120,Rajkot,Rajkot,281,Gujarat,GJ,IN-GJ,1286678,30,22.3038945,70.8021599,128.6469727
121,Surat,Surat,261,Gujarat,GJ,IN-GJ,4462002,8,21.1702401,72.8310607,13.92158127
122,Surendranagar,Surendranagar,2752,Gujarat,GJ,IN-GJ,177851,244,22.7201319,71.649536,67.79012299
123,Vadodara,Vadodara,265,Gujarat,GJ,IN-GJ,1670806,23,22.3071588,73.1812187,36.88405991
124,Valsad,Valsad,2632,Gujarat,GJ,IN-GJ,114636,398,20.5992349,72.9342451,14.99677181
125,Vapi,Valsad,260,Gujarat,GJ,IN-GJ,163630,269,20.3893155,72.9106202,25.61983109
126,Veraval,Gir Somnath,2876,Gujarat,GJ,IN-GJ,154636,285,20.91424,70.3611,8
127,Ambala,Ambala,171,Haryana,HR,IN-HR,407934,112,30.3781788,76.7766974,274.3565369
128,Bahadurgarh,Jhajjar,1276,Haryana,HR,IN-HR,170426,255,28.6924464,76.9239727,219.205719
129,Bhiwani,Bhiwani,1664,Haryana,HR,IN-HR,197662,220,28.7990445,76.1335112,218.6511383
130,Faridabad,Faridabad,129,Haryana,HR,IN-HR,1404653,28,28.4089123,77.3177894,205.292572
131,Gurgaon,Gurgaon,124,Haryana,HR,IN-HR,901968,54,28.4594965,77.0266383,228.025177
132,Hisar,Hisar,1662,Haryana,HR,IN-HR,306893,145,29.1491875,75.7216527,212.7848053
133,Jind,Jind,1681,Haryana,HR,IN-HR,166225,262,29.3211153,76.3058328,225
134,Kaithal,Kaithal,1746,Haryana,HR,IN-HR,144633,311,29.7856734,76.3984537,234.582428
135,Karnal,Karnal,184,Haryana,HR,IN-HR,303425,151,29.6856929,76.9904825,252.3700409
136,Palwal,Palwal,1275,Haryana,HR,IN-HR,131121,346,28.1487362,77.3320262,197.7573395
137,Panchkula,Panchkula,172,Haryana,HR,IN-HR,210175,206,30.6942091,76.860565,340.098877
138,Panipat,Panipat,180,Haryana,HR,IN-HR,442277,101,29.3909464,76.9635023,237.8469849
139,Rewari,Rewari,1274,Haryana,HR,IN-HR,140864,323,28.1927631,76.6239423,244.4236145
140,Rohtak,Rohtak,1262,Haryana,HR,IN-HR,373133,118,28.8955152,76.606611,223.922699
141,Sirsa,Sirsa,1666,Haryana,HR,IN-HR,183282,238,29.5335931,75.0177029,202.0065765
142,Sonipat,Sonipat,130,Haryana,HR,IN-HR,292339,156,28.9287735,77.091281,225.8131866
143,Thanesar,Kurukshetra,1744,Haryana,HR,IN-HR,154962,282,29.9696148,76.8197522,252.9472504
144,Yamunanagar,Yamunanagar,1732,Haryana,HR,IN-HR,383318,114,30.1290485,77.2673901,278.85849
145,Shimla,Shimla,177,Himachal Pradesh,HP,IN-HP,171817,253,31.1048145,77.1734033,2196.884277
146,Anantnag,Anantnag,1932,Jammu and Kashmir,JK,IN-JK,108505,421,33.704949,75.247874,1669
147,Jammu,Jammu,191,Jammu and Kashmir,JK,IN-JK,503690,88,32.726601,74.857031,327
148,Srinagar,Srinagar,194,Jammu and Kashmir,JK,IN-JK,1192792,35,34.081413,74.807591,1593.155396
149,Bokaro Steel City,Bokaro,6542,Jharkhand,JH,IN-JH,563417,76,23.6692956,86.151112,214.4392853
150,Chirkunda,Dhanbad,6540,Jharkhand,JH,IN-JH,118822,376,23.747887,86.7868768,127.4498215
151,Deoghar,Deoghar,6432,Jharkhand,JH,IN-JH,203116,211,24.4763201,86.6913222,252.3865356
152,Dhanbad,Dhanbad,326,Jharkhand,JH,IN-JH,1195298,34,23.7956531,86.4303859,246.2186279
153,Giridih,Giridih,6532,Jharkhand,JH,IN-JH,143529,314,24.1821391,86.2869507,280.0335999
154,Hazaribagh,Hazaribag,6546,Jharkhand,JH,IN-JH,153599,290,23.9966213,85.3691068,619.3872681
155,Jamshedpur,East Singhbhum,657,Jharkhand,JH,IN-JH,1337131,29,22.8045665,86.2028754,150.3902283
156,Jhumri Telaiya,Koderma,6534,Jharkhand,JH,IN-JH,87867,516,24.4289365,85.5354724,393.4347839
157,Medininagar,Palamu,6562,Jharkhand,JH,IN-JH,119972,374,24.0420432,84.0907246,235.2293243
158,Phusro,Bokaro,6549,Jharkhand,JH,IN-JH,186139,235,23.7622641,86.0020693,216.7354279
159,Ramgarh,Ramgarh,6553,Jharkhand,JH,IN-JH,132441,344,23.6332243,85.5148735,337.1078186
160,Ranchi,Ranchi,651,Jharkhand,JH,IN-JH,1126741,39,23.349649,85.334521,635.0498657
161,Sahibganj,Sahibganj,6436,Jharkhand,JH,IN-JH,80154,524,25.2381216,87.6453592,39.74337006
162,Bagalkot,Bagalkot,8354,Karnataka,KA,IN-KA,12068,527,16.1725355,75.6557206,541.9478149
163,Belgaum,Belagavi,831,Karnataka,KA,IN-KA,490045,93,15.8496953,74.4976741,775.6207886
164,Bellary,Ballari,8392,Karnataka,KA,IN-KA,409444,111,15.1393932,76.9214428,458.6511536
165,Bengaluru,Bengaluru Urban,80,Karnataka,KA,IN-KA,8728906,5,12.9715987,77.5945627,911.8583984
166,Bhadravati,Shimoga,8282,Karnataka,KA,IN-KA,151102,296,13.8329901,75.7080727,595.1594238
167,Bidar,Bidar,8482,Karnataka,KA,IN-KA,216020,202,17.9148799,77.5046101,672.1433105
168,Bijapur,Vijayapur,8352,Karnataka,KA,IN-KA,327427,133,16.8301708,75.710031,611.7012329
169,Chikkamagallooru,Chikkamagallooru,8262,Karnataka,KA,IN-KA,118496,378,13.315258,75.7754018,1039.627197
170,Chikmagalur,Chikkamagaluru,8262,Karnataka,KA,IN-KA,118496,379,13.315258,75.7754018,1039.627197
171,Chitradurga,Chitradurga,8194,Karnataka,KA,IN-KA,145853,306,14.2305594,76.3984537,725.1588745
172,Davangere,Davangere,8192,Karnataka,KA,IN-KA,435128,102,14.4663438,75.9238397,595.8746338
173,Gadag,Gadag,8372,Karnataka,KA,IN-KA,172612,252,15.4324651,75.6380337,659.7345581
174,Gangawati,Koppal,8533,Karnataka,KA,IN-KA,114642,396,15.431874,76.5314817,411.6218262
175,Gulbarga,Kalburgi,8472,Karnataka,KA,IN-KA,532031,83,17.329731,76.8342957,455.3568115
176,Harihar,Davanagere,8192,Karnataka,KA,IN-KA,145000,309,14.5304566,75.8010962,535.6509399
177,Hassan,Hassan,8172,Karnataka,KA,IN-KA,173008,251,13.0068142,76.0995519,951.194397
178,Hospet,Bellary,8394,Karnataka,KA,IN-KA,206159,209,15.2688542,76.3909241,483.8506165
179,Hubli,Dharwad,836,Karnataka,KA,IN-KA,943857,51,15.3647083,75.1239547,626.3363647
180,Kolar,Kolar,8152,Karnataka,KA,IN-KA,138462,328,13.1357446,78.1325611,845.6694946
181,Mandya,Mandya,8232,Karnataka,KA,IN-KA,137358,331,12.5221567,76.9009191,679.4824829
182,Mangalore,South Canara,824,Karnataka,KA,IN-KA,499487,90,12.9141417,74.8559568,28.84196854
183,Mysore,Mysuru,821,Karnataka,KA,IN-KA,887446,57,12.2958104,76.6393805,750.0726318
184,Raichur,Raichur,8532,Karnataka,KA,IN-KA,232456,190,16.2120031,77.3439283,392.6736755
185,Ramanagara,Ramnagar,80,Karnataka,KA,IN-KA,95167,492,12.7094487,77.2807423,678.3043823
186,Ranebennuru,Haveri,8373,Karnataka,KA,IN-KA,106365,432,14.6113428,75.6382657,589.5830688
187,Robertsonpet,Kolar,8153,Karnataka,KA,IN-KA,162230,272,12.9551189,78.2698622,851.800415
188,Shimoga,Shivamogga,8182,Karnataka,KA,IN-KA,322428,138,13.9299299,75.568101,588.0237427
189,Tumkur,Tumakuru,816,Karnataka,KA,IN-KA,305821,147,13.345018,77.101945,819.8740845
190,Udupi,Udupi,820,Karnataka,KA,IN-KA,165401,263,13.3371151,74.746596,28.10068703
191,Alappuzha,Alappuzha,477,Kerala,KL,IN-KL,174164,248,9.4980667,76.3388484,7.437794209
192,Alappuzha,Alappuzha,477,Kerala,KL,IN-KL,174164,249,9.4980667,76.3388484,7.437794209
193,Calicut,Kozhikode,495,Kerala,KL,IN-KL,432097,103,11.2587531,75.78041,15.41701698
194,Kannur,Kannur,497,Kerala,KL,IN-KL,232634,189,11.8744775,75.3703662,19.63994408
195,Kasaragod,Kasaragod,4994,Kerala,KL,IN-KL,192856,227,12.5102239,74.9851678,23.28479195
196,Kochi,Ernakulam,484,Kerala,KL,IN-KL,612343,72,9.9312328,76.2673041,7.96732378
197,Kollam,Kollam,474,Kerala,KL,IN-KL,349033,127,8.8932118,76.6141396,19.20416069
198,Kothamangalam,Ernakulam,485,Kerala,KL,IN-KL,114639,397,10.0601903,76.6350827,19.78596687
199,Kottayam,Kottayam,481,Kerala,KL,IN-KL,129894,352,9.5915668,76.5221531,27.32284927
200,Malappuram,Malappuram,483,Kerala,KL,IN-KL,101386,458,11.0731819,76.0739999,23.61590958
201,Manjeri,Malappuram,483,Kerala,KL,IN-KL,97102,478,11.1202984,76.1199677,46.15379715
202,Palakkad,Palakkad,491,Kerala,KL,IN-KL,131019,348,10.7867303,76.6547932,78.25090027
203,Ponnani,Malappuram,494,Kerala,KL,IN-KL,90374,509,10.7677201,75.9259013,7.560951233
204,Thalassery,Kannur,490,Kerala,KL,IN-KL,92558,502,11.7532878,75.4928777,9.58013916
205,Thiruvananthapuram,Thiruvananthapuram,471,Kerala,KL,IN-KL,957730,49,8.5241391,76.9366376,21.32456779
206,Thrissur,Thrissur,487,Kerala,KL,IN-KL,325474,135,10.5276416,76.2144349,21.02470589
207,Kavaratti,Lakshadweep,4896,Lakshadweep,LD,IN-LD,11210,528,10.5593204,72.6358134,-5.234758377
208,Balaghat,Balaghat,7632,Madhya Pradesh,MP,IN-MP,93231,499,21.812876,80.1838293,314.5561829
209,Betul,Betul,7141,Madhya Pradesh,MP,IN-MP,103341,445,21.9108031,77.9011842,656.3870239
210,Bhind,Bhind,7534,Madhya Pradesh,MP,IN-MP,197332,221,26.5587354,78.7872876,150.0497437
211,Bhopal,Bhopal,755,Madhya Pradesh,MP,IN-MP,1883381,19,23.2599333,77.412615,495.2271423
212,Burhanpur,Burhanpur,7325,Madhya Pradesh,MP,IN-MP,210891,205,21.3193875,76.2224273,249
213,Chhatarpur,Chhatarpur,7682,Madhya Pradesh,MP,IN-MP,147688,300,24.9163562,79.5811827,306.4653931
214,Chhindwara,Chhindwara,7162,Madhya Pradesh,MP,IN-MP,190008,231,22.057437,78.9381729,686.0933228
215,Damoh,Damoh,7812,Madhya Pradesh,MP,IN-MP,147515,301,23.8380986,79.4421731,378.1002808
216,Datia,Datia,7522,Madhya Pradesh,MP,IN-MP,100466,463,25.6653262,78.4609393,258.0890503
217,Dewas,Dewas,7272,Madhya Pradesh,MP,IN-MP,289438,158,22.9622672,76.0507949,537.2230835
218,Dhanpuri,Shahdol,7652,Madhya Pradesh,MP,IN-MP,94799,494,23.2307927,81.4690932,457.6452026
219,Dhar,Dhar,7292,Madhya Pradesh,MP,IN-MP,93917,498,22.6012922,75.3024655,569.3966675
220,Guna,Guna,7542,Madhya Pradesh,MP,IN-MP,180978,241,24.6348197,77.2979782,481.0746155
221,Gwalior,Gwalior,751,Madhya Pradesh,MP,IN-MP,1101981,40,26.2182871,78.1828308,211.9999847
222,Hoshangabad,Hoshangabad,7574,Madhya Pradesh,MP,IN-MP,117956,383,22.744108,77.736967,307.6637573
223,Indore,Indore,731,Madhya Pradesh,MP,IN-MP,2167447,15,22.7195687,75.8577258,549.1705933
224,Itarsi,Hoshangabad,7572,Madhya Pradesh,MP,IN-MP,114430,400,22.6054858,77.753544,323.8190613
225,Jabalpur,Jabalpur,761,Madhya Pradesh,MP,IN-MP,1267564,31,23.181467,79.9864071,422.4355469
226,Katni,Katni,7622,Madhya Pradesh,MP,IN-MP,221875,197,23.8308453,80.4072255,378.8739319
227,Khandwa,Khandwa,733,Madhya Pradesh,MP,IN-MP,200681,216,21.8257334,76.352571,309.0037842
228,Khargone,Khargone,7282,Madhya Pradesh,MP,IN-MP,133361,338,21.8335244,75.6149893,253.424057
229,Mandsaur,Mandsaur,7422,Madhya Pradesh,MP,IN-MP,141468,321,24.076836,75.0692952,442.1610107
230,Morena,Morena,7532,Madhya Pradesh,MP,IN-MP,200506,217,26.4933562,77.9909949,176.6551819
231,Nagda,Ujjain,7366,Madhya Pradesh,MP,IN-MP,100036,466,23.4454599,75.4169918,468.0708923
232,Neemuch,Neemuch,7423,Madhya Pradesh,MP,IN-MP,128575,355,24.4763852,74.8624092,487.5201721
233,Pithampur,Dhar,7292,Madhya Pradesh,MP,IN-MP,126099,360,22.613252,75.6822899,579.706604
234,Ratlam,Ratlam,7412,Madhya Pradesh,MP,IN-MP,273892,165,23.3341696,75.0376325,486.0803528
235,Rewa,Rewa,7662,Madhya Pradesh,MP,IN-MP,235422,187,24.5372927,81.30418,306.771698
236,Sagar,Sagar,7582,Madhya Pradesh,MP,IN-MP,370296,119,23.838805,78.7378068,522.569519
237,Satna,Satna,7672,Madhya Pradesh,MP,IN-MP,283004,162,24.6005075,80.8322428,325.5716248
238,Sehore,Sehore,7562,Madhya Pradesh,MP,IN-MP,109025,420,23.205012,77.0850781,495.4626465
239,Seoni,Seoni,7692,Madhya Pradesh,MP,IN-MP,102377,450,22.0868691,79.5434841,612
240,Shivpuri,Shivpuri,7492,Madhya Pradesh,MP,IN-MP,179972,242,25.4357869,77.665066,469.5222778
241,Singrauli,Singrauli,7805,Madhya Pradesh,MP,IN-MP,220295,199,24.200261,82.663989,392.9456177
242,Ujjain,Ujjain,734,Madhya Pradesh,MP,IN-MP,515215,86,23.1793013,75.7849097,492.842926
243,Vidisha,Vidisha,7592,Madhya Pradesh,MP,IN-MP,155959,279,23.5251102,77.8081363,429
244,Achalpur,Amravati,7223,Maharashtra,MH,IN-MH,112293,406,21.257584,77.5086754,375.4376526
245,Ahmednagar,Ahmednagar,241,Maharashtra,MH,IN-MH,350000,126,19.0952075,74.7495916,657.411499
246,Akola,Akola,724,Maharashtra,MH,IN-MH,427618,104,20.7059345,77.0219019,288.2747192
247,Akot,Akola,7258,Maharashtra,MH,IN-MH,92637,500,21.0973361,77.053568,309.5272217
248,Amalner,Jalgaon,2587,Maharashtra,MH,IN-MH,96000,484,21.0419208,75.0581943,189.4182587
249,Amravati,Amravati,721,Maharashtra,MH,IN-MH,646801,69,20.9374238,77.7795513,366.3330688
250,Aurangabad,Aurangabad,240,Maharashtra,MH,IN-MH,1171330,36,19.8761653,75.3433139,594.7637329
251,Barshi,Solapur,2184,Maharashtra,MH,IN-MH,104786,440,18.2333856,75.6941478,516.8850708
252,Beed,Beed,2442,Maharashtra,MH,IN-MH,146709,304,18.9890893,75.7600785,514.0663452
253,Bhandara,Bhandara,7184,Maharashtra,MH,IN-MH,91845,507,21.1750113,79.6558242,259.7280884
254,Bhiwandi,Thane,2522,Maharashtra,MH,IN-MH,711329,63,19.2812547,73.0482912,13.54393291
255,Bhusawal,Jalgaon,2582,Maharashtra,MH,IN-MH,204016,210,21.0455204,75.8010962,210.7913361
256,Chalisgaon,Jalgaon,2589,Maharashtra,MH,IN-MH,97551,476,20.4640778,74.9968543,348.2217712
257,Chandrapur,Chandrapur,7172,Maharashtra,MH,IN-MH,325000,136,19.9704597,79.3014845,205.0141602
258,Dhule,Dhule,2562,Maharashtra,MH,IN-MH,380000,115,20.9042201,74.7748979,263.1583252
259,Gondia,Gondia,7182,Maharashtra,MH,IN-MH,132821,343,21.4624491,80.2209773,309.0845032
260,Hinganghat,Wardha,7153,Maharashtra,MH,IN-MH,106984,428,20.5505728,78.8411405,225.748764
261,Ichalkaranji,Kolhapur,2324,Maharashtra,MH,IN-MH,325499,134,16.7090008,74.4560807,568.0951538
262,Jalgaon,Jalgaon,257,Maharashtra,MH,IN-MH,460000,98,21.0076578,75.5626039,225.4099731
263,Jalna,Jalna,2482,Maharashtra,MH,IN-MH,285577,161,19.842614,75.894805,499.6987
264,Kamptee,Nagpur,7109,Maharashtra,MH,IN-MH,136124,333,21.2275312,79.1900834,291.9042053
265,Khamgaon,Buldhana,7263,Maharashtra,MH,IN-MH,94191,497,20.707117,76.571995,305.9248962
266,Kolhapur,Kolhapur,231,Maharashtra,MH,IN-MH,549618,81,16.7049873,74.2432527,567.2568359
267,Latur,Latur,2382,Maharashtra,MH,IN-MH,410873,107,18.4087934,76.5603828,632.861145
268,Malegaon,Malegaon,2554,Maharashtra,MH,IN-MH,409618,110,20.554554,74.525989,429.1509705
269,Mumbai,Mumbai,22,Maharashtra,MH,IN-MH,12461724,3,19.0759837,72.8776559,5.45586729
270,Nagpur,Nagpur,712,Maharashtra,MH,IN-MH,2405421,13,21.1458004,79.0881546,310.3305664
271,Nanded,Nanded,2462,Maharashtra,MH,IN-MH,550564,80,19.1382514,77.3209555,356.374939
272,Nandurbar,Nandurbar,2564,Maharashtra,MH,IN-MH,329786,132,21.3755507,74.2427644,203.0583649
273,Nashik,Nashik,253,Maharashtra,MH,IN-MH,1817359,20,19.9974533,73.7898023,582.673645
274,Osmanabad,Osmanabad,2472,Maharashtra,MH,IN-MH,112085,408,18.1860659,76.0419409,663.3656006
275,Pandharpur,Solapur,2186,Maharashtra,MH,IN-MH,140000,326,17.6745535,75.3237262,463.4938965
276,Parbhani,Parbhani,2452,Maharashtra,MH,IN-MH,270000,166,19.2609958,76.776665,417
277,Parli,Beed,2446,Maharashtra,MH,IN-MH,88510,514,18.8453169,76.5198462,468.4645996
278,Pimpri-Chinchwad,Pune,212,Maharashtra,MH,IN-MH,1772891,21,18.62354,73.807873,572.5076904
279,Pune,Pune,20,Maharashtra,MH,IN-MH,3115431,9,18.5204303,73.8567437,559.9094849
280,Sangli-Miraj-Kupwad,Sangli,233,Maharashtra,MH,IN-MH,513862,87,16.8541887,74.6049061,561.3086548
281,Satara,Satara,2162,Maharashtra,MH,IN-MH,149335,298,17.6804639,74.018261,689.3317261
282,Solapur,Solapur,217,Maharashtra,MH,IN-MH,951118,50,17.6599188,75.9063906,474.0987854
283,Udgir,Latur,2385,Maharashtra,MH,IN-MH,91933,506,18.3942882,77.1126009,640.12854
284,Wardha,Wardha,7152,Maharashtra,MH,IN-MH,106444,431,20.745319,78.6021946,285.7658081
285,Yavatmal,Yavatmal,7232,Maharashtra,MH,IN-MH,138303,329,20.3887937,78.1204073,458.5481567
286,Imphal,Imphal West; Imphal East,385,Manipur,MN,IN-MN,264986,169,24.8170111,93.9368439,782.9458008
287,Shillong,East Khassi Hills,364,Meghalaya,ML,IN-ML,143299,316,25.578765,91.893187,1436.608154
288,Aizawl,Aizwal,389,Mizoram,MZ,IN-MZ,293416,155,23.727107,92.7176389,1066.534302
289,Dimapur,Dimapur,3862,Nagaland,NL,IN-NL,375782,116,25.8629885,93.7536663,165.8028717
290,Kohima,Kohima,370,Nagaland,NL,IN-NL,99039,469,25.6585963,94.1053307,1444.924927
291,Balangir,Balangir,6652,Odisha,OD,IN-OR,98238,473,20.7074234,83.4842725,186.3935852
292,Balasore,Balasore,6782,Odisha,OD,IN-OR,177557,245,21.504467,86.922227,18.56797409
293,Baripada,Mayurbhanj,6792,Odisha,OD,IN-OR,116874,386,21.9322338,86.7516942,51.77962112
294,Berhampur,Ganjam,680,Odisha,OD,IN-OR,355823,125,19.314914,84.794244,33.80371094
295,Bhadrak,Bhadrak,6784,Odisha,OD,IN-OR,129152,354,21.0582737,86.4958396,19
296,Bhubaneswar,Khurda,674,Odisha,OD,IN-OR,881988,58,20.295515,85.824797,46.09406281
297,Cuttack,Cuttack,671,Odisha,OD,IN-OR,658986,67,20.462521,85.8829895,28.46274757
298,Jeypore,Koraput,6854,Odisha,OD,IN-OR,84830,521,18.8606126,82.5510469,598.0792236
299,Jharsuguda,Jharsuguda,6645,Odisha,OD,IN-OR,97730,475,21.8554375,84.0061661,223.2878265
300,Puri,Puri,6752,Odisha,OD,IN-OR,201026,213,19.8133822,85.8314655,13.13162231
301,Rourkela,Sundargarh,661,Odisha,OD,IN-OR,552970,78,22.260423,84.8535844,201.8086395
302,Sambalpur,Sambalpur,663,Odisha,OD,IN-OR,269575,167,21.4668716,83.9811665,160.3558655
303,Karaikal,Karaikal,4368,Puducherry,PY,IN-PY,86838,519,10.9254398,79.8380056,4.212997913
304,Ozhukarai,Puducherry,413,Puducherry,PY,IN-PY,300104,152,11.94888,79.712141,19.67551994
305,Puducherry,Puducherry,413,Puducherry,PY,IN-PY,654392,68,11.9138598,79.8144722,3.723860979
306,Abohar,Fazilka,1634,Punjab,PB,IN-PB,145238,308,30.1452928,74.1993043,187
307,Amritsar,Amritsar,183,Punjab,PB,IN-PB,1132761,38,31.6339793,74.8722642,232.0050659
308,Barnala,Barnala,1679,Punjab,PB,IN-PB,116449,388,30.3819446,75.5467979,231.9137115
309,Batala,Gurdaspur,1871,Punjab,PB,IN-PB,151400,294,31.8183238,75.2070644,246.046875
310,Bathinda,Bathinda,164,Punjab,PB,IN-PB,285788,160,30.210994,74.9454745,207.7039795
311,Firozpur,Firozpur,1632,Punjab,PB,IN-PB,110091,415,30.9331348,74.6224755,199.1628723
312,Hoshiarpur,Hoshiarpur,1882,Punjab,PB,IN-PB,168443,259,31.5143178,75.911483,297.8375244
313,Jalandhar,Jalandhar,181,Punjab,PB,IN-PB,862196,59,31.3260152,75.5761829,240.4796906
314,Kapurthala,Kapurthala,1822,Punjab,PB,IN-PB,101654,454,31.367197,75.374504,227
315,Khanna,Ludhiana,1628,Punjab,PB,IN-PB,128137,356,30.697852,76.2112286,264.3095093
316,Ludhiana,Ludhiana,161,Punjab,PB,IN-PB,1618879,24,30.900965,75.8572758,251.869278
317,Malerkotla,Sangrur,1675,Punjab,PB,IN-PB,135424,336,30.5232076,75.8882508,250.1086884
318,Moga,Moga,1636,Punjab,PB,IN-PB,141432,322,30.8164603,75.1717093,223.4807281
319,Mohali,Mohali,172,Punjab,PB,IN-PB,146104,305,30.7046486,76.7178726,316.6143494
320,Muktasar,Muktsar,1633,Punjab,PB,IN-PB,117085,385,30.476681,74.511289,201.9296875
321,Pathankot,Pathankot,186,Punjab,PB,IN-PB,143357,315,32.2643375,75.6421121,330.3391113
322,Patiala,Patiala,175,Punjab,PB,IN-PB,445196,100,30.3397809,76.3868797,255
323,Phagwara,Kapurthala,1824,Punjab,PB,IN-PB,97864,474,31.2240198,75.7708013,248.725296
324,Rajpura,Patiala,1762,Punjab,PB,IN-PB,92193,505,30.483997,76.5939516,276.4761047
325,Zirakpur,Mohali,1762,Punjab,PB,IN-PB,95553,487,30.6425496,76.8173359,300.6460876
326,Ajmer,Ajmer,145,Rajasthan,RJ,IN-RJ,551101,79,26.4498954,74.6399163,477.6025391
327,Alwar,Alwar,144,Rajasthan,RJ,IN-RJ,341422,130,27.5529907,76.6345735,265.3737183
328,Banswara,Banswara,2962,Rajasthan,RJ,IN-RJ,100128,464,23.5461394,74.4349761,216.4357605
329,Baran,Baran,7453,Rajasthan,RJ,IN-RJ,117992,382,25.1011438,76.5131637,265.5518188
330,Barmer,Barmer,2982,Rajasthan,RJ,IN-RJ,189715,232,25.7531537,71.4180622,173
331,Beawar,Beawar,1462,Rajasthan,RJ,IN-RJ,151152,295,26.1007337,74.3190747,453.1542664
332,Bharatpur,Bharatpur,5644,Rajasthan,RJ,IN-RJ,252000,177,27.216981,77.489515,181.112854
333,Bhilwara,Bhilwara,1482,Rajasthan,RJ,IN-RJ,359483,122,25.321377,74.586953,427.1775513
334,Bhiwadi,Alwar,1493,Rajasthan,RJ,IN-RJ,104883,439,28.2088218,76.8445999,264.0555115
335,Bikaner,Bikaner,151,Rajasthan,RJ,IN-RJ,644406,70,28.0229348,73.3119159,225.2949982
336,Bundi,Bundi,747,Rajasthan,RJ,IN-RJ,104457,441,25.4305144,75.6499025,264.7151489
337,Chittorgarh,Chittorgarh,1472,Rajasthan,RJ,IN-RJ,154439,287,24.8887435,74.6269216,400.5744934
338,Churu,Churu,1562,Rajasthan,RJ,IN-RJ,120157,373,28.2920484,74.9617924,290.7017517
339,Dausa,Dausa,1427,Rajasthan,RJ,IN-RJ,85960,520,26.8931931,76.3375284,345.1671753
340,Dholpur,Dholpur,5642,Rajasthan,RJ,IN-RJ,133075,340,26.7025181,77.893391,179.6394196
341,Fatehpur,Sikar,1571,Rajasthan,RJ,IN-RJ,92595,501,27.9950204,74.9617924,326.6806641
342,Gangapur,Sawai Madhopur,7463,Rajasthan,RJ,IN-RJ,130061,351,26.478446,76.732222,264.5637512
343,Hanumangarh,Hanumangarh,1552,Rajasthan,RJ,IN-RJ,150958,297,29.614436,74.2858121,182.2304382
344,Hindaun,Karauli,7469,Rajasthan,RJ,IN-RJ,109569,416,26.7454967,77.0330481,230.0713043
345,Jaipur,Jaipur,141,Rajasthan,RJ,IN-RJ,3046163,10,26.9124336,75.7872709,432.9278259
346,Jhunjhunu,Jhunjhunu,1592,Rajasthan,RJ,IN-RJ,100476,462,28.1288747,75.3995089,340.8633728
347,Jodhpur,Jodhpur,291,Rajasthan,RJ,IN-RJ,1137815,37,26.2389469,73.0243094,220.236084
348,Karauli,Karauli,7464,Rajasthan,RJ,IN-RJ,82960,523,26.488323,77.0161436,278.2322998
349,Kishangarh,Ajmer,1463,Rajasthan,RJ,IN-RJ,154986,281,26.5870344,74.856397,446.5039063
350,Kota,Kota,744,Rajasthan,RJ,IN-RJ,1001365,45,25.2138156,75.8647527,259.7347412
351,Makrana,Nagaur,1588,Rajasthan,RJ,IN-RJ,116295,389,27.0285581,74.714621,424.9034424
352,Nagaur,Nagaur,1582,Rajasthan,RJ,IN-RJ,110797,412,27.1991222,73.740924,302.00177
353,Pali,Pali,2932,Rajasthan,RJ,IN-RJ,230075,191,25.7710893,73.3234478,217.9894409
354,Sardarshahar,Churu,1564,Rajasthan,RJ,IN-RJ,95911,485,28.440419,74.493705,252.9178314
355,Sawai Madhopur,Sawai Madhopur,7462,Rajasthan,RJ,IN-RJ,121106,372,26.0377772,76.3521514,256.9685974
356,Sikar,Sikar,1572,Rajasthan,RJ,IN-RJ,244497,183,27.6094,75.139911,434.676239
357,Sri Ganganagar,Sri Ganganagar,154,Rajasthan,RJ,IN-RJ,249914,179,29.912527,73.875212,176.4245911
358,Sujangarh,Churu,1568,Rajasthan,RJ,IN-RJ,101528,455,27.7044756,74.4642861,317.90979
359,Tonk,Tonk,154,Rajasthan,RJ,IN-RJ,165294,264,26.1620402,75.7894716,278.864624
360,Udaipur,Udaipur,294,Rajasthan,RJ,IN-RJ,474531,96,24.595745,73.694395,581.3670044
361,Gangtok,East Sikkim,3592,Sikkim,SK,IN-SK,98658,470,27.3389356,88.6065035,1508.041382
362,Ambur,Vellore,4174,Tamil Nadu,TN,IN-TN,162521,271,12.7903613,78.7166084,322.8276978
363,Chennai,Chennai,44,Tamil Nadu,TN,IN-TN,8696010,6,13.0826802,80.2707184,9.259319305
364,Coimbatore,Coimbatore,422,Tamil Nadu,TN,IN-TN,2151466,16,11.0168445,76.9558321,432.0474548
365,Cuddalore,Cuddalore,4142,Tamil Nadu,TN,IN-TN,173636,250,11.744699,79.7680243,7.457636833
366,Dindigul,Dindigul,451,Tamil Nadu,TN,IN-TN,207327,207,10.3673123,77.9802906,286.0294495
367,Erode,Erode,424,Tamil Nadu,TN,IN-TN,521776,85,11.3410364,77.7171642,176.6972046
368,Gudiyatham,Vellore,4171,Tamil Nadu,TN,IN-TN,291558,157,12.9447361,78.8709019,278.1278076
369,Hosur,Krishnagiri,4344,Tamil Nadu,TN,IN-TN,116821,387,12.7409127,77.8252923,867.4117432
370,Kadayanallur,Tirunelveli,4633,Tamil Nadu,TN,IN-TN,90364,510,9.0778543,77.3451861,196.4386902
371,Kanchipuram,Kanchipuram,4112,Tamil Nadu,TN,IN-TN,164265,268,12.8341735,79.7036402,88.02164459
372,Karaikudi,Sivaganga,5465,Tamil Nadu,TN,IN-TN,106714,430,10.0731315,78.7801544,97.06617737
373,Komarapalayam,Namakkal,4288,Tamil Nadu,TN,IN-TN,171594,254,11.4466642,77.6943353,169.8353882
374,Kovilpatti,Thoothukudi,4632,Tamil Nadu,TN,IN-TN,95057,493,9.1674144,77.8767442,110.0148926
375,Kumbakonam,Thanjavur,435,Tamil Nadu,TN,IN-TN,140156,325,10.9616945,79.3881132,30.36466408
376,Madurai,Madurai,452,Tamil Nadu,TN,IN-TN,1462420,25,9.9252007,78.1197754,138.6851654
377,Nagapattinam,Nagapattinam,4365,Tamil Nadu,TN,IN-TN,102905,447,10.7656082,79.8423888,8.948264122
378,Nagercoil,Kanyakumari,4652,Tamil Nadu,TN,IN-TN,224849,195,8.1832857,77.4118996,62.27349472
379,Neyveli,Cuddalore,4142,Tamil Nadu,TN,IN-TN,105687,434,11.5432364,79.4760133,38.98167801
380,Ooty,Nilgiri,423,Tamil Nadu,TN,IN-TN,88430,515,11.4064138,76.6932438,2247.507813
381,Paramakudi,Ramanathapuram,4564,Tamil Nadu,TN,IN-TN,95579,486,9.5483949,78.5916335,43.28408051
382,Pollachi,Coimbatore,4259,Tamil Nadu,TN,IN-TN,90180,512,10.6572737,77.0106693,287.6619263
383,Pudukkottai,Pudukkottai,4322,Tamil Nadu,TN,IN-TN,143745,312,10.379663,78.8208454,100.0845032
384,Rajapalayam,Virudhunagar,4563,Tamil Nadu,TN,IN-TN,130442,349,9.451559,77.554355,165.8852997
385,Salem,Salem,427,Tamil Nadu,TN,IN-TN,919150,52,11.664325,78.1460142,285.118042
386,Thanjavur,Thanjavur,4362,Tamil Nadu,TN,IN-TN,222943,196,10.7869994,79.1378274,58
387,Theni-Allinagaram,Theni,4546,Tamil Nadu,TN,IN-TN,94453,496,10.010262,77.476819,298.3984375
388,Tiruchengode,Namakkal,4288,Tamil Nadu,TN,IN-TN,95335,488,11.378665,77.894975,250.0773926
389,Tiruchirappalli,Tiruchirappalli,431,Tamil Nadu,TN,IN-TN,1021717,43,10.7904833,78.7046725,81.21243286
390,Tirunelveli,Tirunelveli,462,Tamil Nadu,TN,IN-TN,498984,91,8.7139126,77.7566523,53.77753448
391,Tirupur,Tiruppur,421,Tamil Nadu,TN,IN-TN,962982,48,11.1085242,77.3410656,307.00354
392,Tiruvannamalai,Tiruvannamalai,4175,Tamil Nadu,TN,IN-TN,145278,307,12.2252841,79.0746957,173.3144226
393,Tuticorin,Thoothukkudi,461,Tamil Nadu,TN,IN-TN,410760,108,8.7641661,78.1348361,1.923844695
394,Vaniyambadi,Vellore,4174,Tamil Nadu,TN,IN-TN,195061,224,12.6950325,78.6218853,348.2792969
395,Vellore,Vellore,416,Tamil Nadu,TN,IN-TN,481966,94,12.9165167,79.1324986,218.1465759
396,Viluppuram,Viluppuram,4146,Tamil Nadu,TN,IN-TN,96253,483,11.9368897,79.4872619,49.61007309
397,Adilabad,Adilabad,8732,Telangana,TS,IN-TG,117167,384,19.676527,78.532194,250.7736664
398,Hyderabad,Hyderabad,40,Telangana,TS,IN-TG,8746490,4,17.384934,78.486616,504.7939453
399,Jagtial,Karimnagar,8724,Telangana,TS,IN-TG,96470,482,18.788321,78.913899,291.2195435
400,Karimnagar,Karimnagar,878,Telangana,TS,IN-TG,261185,172,18.438485,79.128931,279.1332092
401,Khammam,Khammam,8742,Telangana,TS,IN-TG,184210,236,17.247318,80.151443,129.4547729
402,Kothagudem,Khammam,8744,Telangana,TS,IN-TG,79819,525,17.6335295,81.0395821,54.34521484
403,Mahbubnagar,Mahbubnagar,8542,Telangana,TS,IN-TG,157733,277,16.748788,78.003626,499.0140686
404,Mancherial,Adilabad,8736,Telangana,TS,IN-TG,86911,518,18.868797,79.446944,153.9965363
405,Miryalaguda,Nalgonda,8689,Telangana,TS,IN-TG,103817,443,16.862087,79.554051,138.7900543
406,Nalgonda,Nalgonda,8682,Telangana,TS,IN-TG,135744,334,17.057358,79.268649,238.0984039
407,Nizamabad,Nizamabad,8462,Telangana,TS,IN-TG,311152,142,18.673421,78.092593,392.4441528
408,Ramagundam,Karimnagar,8728,Telangana,TS,IN-TG,229644,192,18.762412,79.473362,149.149292
409,Siddipet,Medak,8457,Telangana,TS,IN-TG,113358,403,18.101864,78.851948,482.7502136
410,Suryapet,Nalgonda,8684,Telangana,TS,IN-TG,105531,437,17.143132,79.630418,177.2016449
411,Warangal,Warangal,870,Telangana,TS,IN-TG,811844,60,17.975762,79.601212,269.8690186
412,Agartala,West Tripura,381,Tripura,TR,IN-TR,522613,84,23.831457,91.2867777,15.93061543
413,Agra,Agra,562,Uttar Pradesh,UP,IN-UP,1746467,22,27.1766701,78.0080745,167.8369751
414,Akbarpur,Ambedkar Nagar,5271,Uttar Pradesh,UP,IN-UP,111594,409,26.4407468,82.5537514,91.59300232
415,Aligarh,Aligarh,571,Uttar Pradesh,UP,IN-UP,909559,53,27.8973944,78.0880129,188.6563416
416,Allahabad,Allahabad,532,Uttar Pradesh,UP,IN-UP,1216719,33,25.4358011,81.846311,94.81197357
417,Amroha,Amroha,5922,Uttar Pradesh,UP,IN-UP,197135,222,28.9043537,78.4673426,222.0056305
418,Auraiya,Auraiya,5683,Uttar Pradesh,UP,IN-UP,99674,468,26.4625957,79.5097549,142.4732666
419,Azamgarh,Azamgarh,5462,Uttar Pradesh,UP,IN-UP,116165,392,26.0737044,83.1859458,83.68569183
420,Bahraich,Bahraich,5252,Uttar Pradesh,UP,IN-UP,186241,234,27.5708377,81.5980246,123.5119934
421,Ballia,Ballia,5948,Uttar Pradesh,UP,IN-UP,111287,410,25.7584381,84.1487319,66.55557251
422,Banda,Banda,5192,Uttar Pradesh,UP,IN-UP,160432,275,25.4796224,80.3380213,123.1686783
423,Barabanki,Barabanki,5248,Uttar Pradesh,UP,IN-UP,154692,283,26.9400001,81.19,123.177681
424,Baraut,Baghput,1234,Uttar Pradesh,UP,IN-UP,102733,448,29.099112,77.256551,230.9974823
425,Bareilly,Bareilly,581,Uttar Pradesh,UP,IN-UP,979933,46,28.3670355,79.4304381,177.5299377
426,Basti,Basti,5542,Uttar Pradesh,UP,IN-UP,114651,395,26.8176796,82.7633133,91.81111908
427,Bhadohi,Sant Ravidas Nagar,5414,Uttar Pradesh,UP,IN-UP,94620,495,25.38727,82.5680309,89.06383514
428,Bijnor,Bijnor,1342,Uttar Pradesh,UP,IN-UP,115381,393,29.3724422,78.1358472,237
429,Budaun,Budaun,583,Uttar Pradesh,UP,IN-UP,369221,120,28.0337088,79.1205419,173.9219818
430,Bulandshahr,Bulandshahr,5732,Uttar Pradesh,UP,IN-UP,235310,188,28.406963,77.8498292,203.5984802
431,Chandausi,Sambhal,5921,Uttar Pradesh,UP,IN-UP,114254,402,28.4480507,78.7796105,194.0588226
432,Dadri,Gautam Buddha Nagar,120,Uttar Pradesh,UP,IN-UP,91189,508,28.5461902,77.55621,208.2372894
433,Deoband,Saharanpur,1336,Uttar Pradesh,UP,IN-UP,97037,480,29.6910213,77.6822442,257.0641785
434,Deoria,Deoria,5568,Uttar Pradesh,UP,IN-UP,129570,353,26.505358,83.784454,81.02468872
435,Etah,Etah,5742,Uttar Pradesh,UP,IN-UP,131023,347,27.5587505,78.662567,173.7796631
436,Etawah,Etawah,5688,Uttar Pradesh,UP,IN-UP,256790,175,26.784784,79.021451,152.5662689
437,Faizabad,Faizabad,5278,Uttar Pradesh,UP,IN-UP,642381,71,26.7732476,82.1441643,104
438,Farrukhabad,Farrukhabad,5692,Uttar Pradesh,UP,IN-UP,318540,140,27.3826126,79.5940544,150.9270935
439,Fatehpur,Fatehpur,5180,Uttar Pradesh,UP,IN-UP,193801,226,25.9200736,80.8099941,120.8431854
440,Firozabad,Firozabad,5612,Uttar Pradesh,UP,IN-UP,603797,73,27.1591006,78.3957574,166.38591
441,Ghaziabad,Ghaziabad,120,Uttar Pradesh,UP,IN-UP,2358525,14,28.6691565,77.4537578,218.1665497
442,Ghazipur,Ghazipur,548,Uttar Pradesh,UP,IN-UP,121136,371,25.5840419,83.5770202,72.60386658
443,Gonda,Gonda,5262,Uttar Pradesh,UP,IN-UP,138929,327,27.1339913,81.9618968,110.3172379
444,Gorakhpur,Gorakhpur,551,Uttar Pradesh,UP,IN-UP,692519,66,26.7605545,83.3731675,82.13924408
445,Greater Noida,Gautam Budh Nagar,120,Uttar Pradesh,UP,IN-UP,107676,424,28.4743879,77.5039904,201.2235565
446,Hapur,Hapur,122,Uttar Pradesh,UP,IN-UP,262801,171,28.7305798,77.7758825,215
447,Hardoi,Hardoi,5852,Uttar Pradesh,UP,IN-UP,197046,223,27.3986345,80.1316927,149.3543243
448,Hathras,Hathras,5722,Uttar Pradesh,UP,IN-UP,161289,273,27.6056212,78.0537813,183.0232239
449,Jaunpur,Jaunpur,5452,Uttar Pradesh,UP,IN-UP,168128,260,25.7490034,82.6987002,82.50634003
450,Jhansi,Jhansi,510,Uttar Pradesh,UP,IN-UP,549391,82,25.4484257,78.5684594,257.9830017
451,Kanpur,Kanpur,522,Uttar Pradesh,UP,IN-UP,2920067,11,26.447965,80.330572,132.236557
452,Kasganj,Kasganj,5744,Uttar Pradesh,UP,IN-UP,101241,459,27.8129344,78.649785,176.5052338
453,Khair,Aligarh,5724,Uttar Pradesh,UP,IN-UP,102106,452,27.9391956,77.8424456,191.1534882
454,Khatauli,Muzaffarnagar,1396,Uttar Pradesh,UP,IN-UP,97427,477,29.2758596,77.7309012,242.2206268
455,Khurja,Bulandshahr,5738,Uttar Pradesh,UP,IN-UP,142636,318,28.2513538,77.8538797,204.8615723
456,Lakhimpur,Lakhimpur Kheri,5872,Uttar Pradesh,UP,IN-UP,164925,266,27.9490794,80.7824012,150.9188232
457,Lalitpur,Lalitpur,5176,Uttar Pradesh,UP,IN-UP,133041,341,24.6878597,78.4120206,358.6721802
458,Lucknow,Lucknow,512,Uttar Pradesh,UP,IN-UP,2901474,12,26.8466937,80.946166,117.335022
459,Mahoba,Mahoba,5281,Uttar Pradesh,UP,IN-UP,95216,490,25.2920964,79.8724168,208.4297943
460,Mainpuri,Mainpuri,5672,Uttar Pradesh,UP,IN-UP,133078,339,27.2284986,79.0249516,160.0520782
461,Mathura,Mathura,565,Uttar Pradesh,UP,IN-UP,454937,99,27.4924134,77.673673,176.5500488
462,Mau,Mau,5464,Uttar Pradesh,UP,IN-UP,279060,163,25.9496379,83.5586445,77.10067749
463,Meerut,Meerut,121,Uttar Pradesh,UP,IN-UP,1424908,27,28.9844618,77.7064137,225.0532074
464,Mirzapur,Mirzapur,5442,Uttar Pradesh,UP,IN-UP,245817,182,25.1336987,82.5644344,86.60173035
465,Modinagar,Ghaziabad,1232,Uttar Pradesh,UP,IN-UP,182811,239,28.8316307,77.5779592,222.1780243
466,Moradabad,Moradabad,591,Uttar Pradesh,UP,IN-UP,889810,56,28.8386481,78.7733286,203.6760101
467,Mubarakpur,Azamgarh,5462,Uttar Pradesh,UP,IN-UP,109539,417,26.0809431,83.2987576,78.12638092
468,Mughalsarai,Chandauli,5412,Uttar Pradesh,UP,IN-UP,154692,284,25.2814947,83.1198203,83.84526062
469,Muradnagar,Ghaziabad,1232,Uttar Pradesh,UP,IN-UP,95208,491,28.7703752,77.4988753,219.891098
470,Muzaffarnagar,Muzaffarnagar,131,Uttar Pradesh,UP,IN-UP,494792,92,29.4726817,77.7085091,249.2189484
471,Nagina,Bijnor,1343,Uttar Pradesh,UP,IN-UP,95246,489,29.4426409,78.4326638,251.7993011
472,Najibabad,Bijnor,1341,Uttar Pradesh,UP,IN-UP,88535,513,29.6127789,78.3446003,273.1411743
473,Noida,Noida,120,Uttar Pradesh,UP,IN-UP,259160,174,28.600032,77.351504,204.0539856
474,Orai,Jalaun,5162,Uttar Pradesh,UP,IN-UP,190625,230,26.00864,79.4478858,137.4337158
475,Pilibhit,Pilibhit,5882,Uttar Pradesh,UP,IN-UP,160146,276,28.6207939,79.8128649,189.0522003
476,Pratapgarh,Pratapgarh,5342,Uttar Pradesh,UP,IN-UP,90334,511,25.8973038,81.9452981,96.01345825
477,Raebareli,Raebareli,535,Uttar Pradesh,UP,IN-UP,191625,228,26.2345298,81.2408689,115.0805283
478,Rampur,Rampur,595,Uttar Pradesh,UP,IN-UP,359062,123,28.7893041,79.0249516,190.0673218
479,Saharanpur,Saharanpur,132,Uttar Pradesh,UP,IN-UP,703345,64,29.967079,77.5510172,277.2987061
480,Sahaswan,Budaun,5833,Uttar Pradesh,UP,IN-UP,114921,394,28.0724712,78.7561222,173.4587097
481,Sambhal,Sambhal,5923,Uttar Pradesh,UP,IN-UP,221334,198,28.5903614,78.5717631,202.9590454
482,Shahjahanpur,Shahjahanpur,5842,Uttar Pradesh,UP,IN-UP,356103,124,27.883744,79.9122455,159.6863251
483,Shamli,Shamli,1398,Uttar Pradesh,UP,IN-UP,107233,426,29.4507575,77.3152116,246.3363647
484,Shikohabad,Firozabad,5676,Uttar Pradesh,UP,IN-UP,107300,425,27.110254,78.573784,165.9549866
485,Sitapur,Sitapur,5862,Uttar Pradesh,UP,IN-UP,188230,233,27.561892,80.688511,143.3459778
486,Sultanpur,Sultanpur,5362,Uttar Pradesh,UP,IN-UP,116211,391,26.2647757,82.0727061,100.0650177
487,Tanda,Ambedkar Nagar,5273,Uttar Pradesh,UP,IN-UP,109539,418,26.5432647,82.6645469,89.56899261
488,Ujhani,Budaun,5832,Uttar Pradesh,UP,IN-UP,126000,361,28.0003235,79.0051685,171.6160583
489,Unnao,Unnao,515,Uttar Pradesh,UP,IN-UP,178681,243,26.5393449,80.4878195,127.0844574
490,Varanasi,Varanasi,542,Uttar Pradesh,UP,IN-UP,1435113,26,25.3176452,82.9739144,80.98555756
491,Dehradun,Dehradun,135,Uttarakhand,UK,IN-UT,714223,62,30.3164945,78.0321918,652.1730957
492,Haldwani,Nainital,5946,Uttarakhand,UK,IN-UT,252060,176,29.2182644,79.5129767,433.3934021
493,Haridwar,Haridwar,1334,Uttarakhand,UK,IN-UT,310582,144,29.9456906,78.1642478,288.7457275
494,Kashipur,Udham Singh Nagar,5947,Uttarakhand,UK,IN-UT,121610,370,29.2104232,78.9618845,236.8998871
495,Rishikesh,Dehradun,135,Uttarakhand,UK,IN-UT,102138,451,30.0869281,78.2676116,359.1828003
496,Roorkee,Haridwar,1332,Uttarakhand,UK,IN-UT,275502,164,29.8542626,77.8880002,275.7794189
497,Rudrapur,Udham Singh Nagar,5944,Uttarakhand,UK,IN-UT,154485,286,28.9875082,79.4141214,218.9766541
498,Alipurduar,Alipurduar,3564,West Bengal,WB,IN-WB,127342,357,26.4918891,89.5271026,51.52791595
499,Asansol,Bardhaman,341,West Bengal,WB,IN-WB,1243008,32,23.6739452,86.9523954,121.2698441
500,Baharampur,Murshidabad,3482,West Bengal,WB,IN-WB,305609,148,24.164895,88.274906,22.35816574
501,Balurghat,Dakshin Dinajpur,3522,West Bengal,WB,IN-WB,164593,267,25.2372834,88.7830612,29.95094872
502,Bangaon,North 24 Parganas,3215,West Bengal,WB,IN-WB,110668,413,23.0440381,88.827703,14.77509594
503,Bankura,Bankura,3242,West Bengal,WB,IN-WB,138036,330,23.2324146,87.0786044,87.93463898
504,Bardhaman,Bardhaman,342,West Bengal,WB,IN-WB,347016,128,23.2324214,87.8614793,37.6313858
505,Basirhat,North 24 Parganas,3217,West Bengal,WB,IN-WB,144891,310,22.6574017,88.8671766,12.76715946
506,Bolpur,Birbhum,3463,West Bengal,WB,IN-WB,92370,503,23.6686892,87.6827676,51.02700806
507,Chakdaha,Nadia,3473,West Bengal,WB,IN-WB,132855,342,23.047858,88.5130144,18.15947914
508,Cooch Behar,Cooch Behar,3582,West Bengal,WB,IN-WB,106760,429,26.3356861,89.445851,46.84392548
509,Dankuni,Hooghly,3212,West Bengal,WB,IN-WB,249840,180,22.6808348,88.2929313,7.901014805
510,Darjeeling,Darjeeling,354,West Bengal,WB,IN-WB,132016,345,27.0360066,88.2626751,2121.883301
511,Dhulian,Murshidabad,3485,West Bengal,WB,IN-WB,239022,185,24.6706654,87.9481846,27
512,Durgapur,Bardhaman,343,West Bengal,WB,IN-WB,581409,75,23.5204443,87.3119227,107.7963104
513,Habra,North 24 Parganas,3216,West Bengal,WB,IN-WB,304584,149,22.8488542,88.6639591,13.23550797
514,Haldia,Purba Medinipur,3224,West Bengal,WB,IN-WB,200762,214,22.0666742,88.0698118,7.114762783
515,Jalpaiguri,Jalpaiguri,3561,West Bengal,WB,IN-WB,303874,150,26.5434772,88.7205256,83.27371979
516,Jangipur,Murshidabad,3483,West Bengal,WB,IN-WB,122875,367,24.4589833,88.1047287,25.37328148
517,Kanthi,Midnapore East,3220,West Bengal,WB,IN-WB,92226,504,21.7811343,87.7450379,8.926074982
518,Kharagpur,Paschim Medinipur,3222,West Bengal,WB,IN-WB,293719,154,22.34601,87.2319753,52.28842545
519,Kolkata,Kolkata,33,West Bengal,WB,IN-WB,14112536,2,22.572646,88.363895,13.94972324
520,Krishnanagar,Nadia,3472,West Bengal,WB,IN-WB,181182,240,23.4008744,88.5013962,19.99343681
521,Malda,Malda,3512,West Bengal,WB,IN-WB,324237,137,25.0108408,88.1410967,30.7758522
522,Midnapore,Paschim Medinipur,3222,West Bengal,WB,IN-WB,169127,257,22.4308892,87.3214908,53.37340546
523,Nabadwip,Nadia,3472,West Bengal,WB,IN-WB,175474,246,23.4036446,88.3676393,18.56731415
524,Purulia,Purulia,3252,West Bengal,WB,IN-WB,126894,358,23.3320779,86.365208,255.6390381
525,Raiganj,Uttar Dinajpur,3523,West Bengal,WB,IN-WB,199758,218,25.6185295,88.1255837,37.43837738
526,Ranaghat,Nadia,3473,West Bengal,WB,IN-WB,235583,186,23.17405,88.5639352,16.67418861
527,Shantipur,Nadia,3472,West Bengal,WB,IN-WB,288718,159,23.2645399,88.4380966,16.73291588
528,Siliguri,Darjeeling; Jalpaiguri,353,West Bengal,WB,IN-WB,701489,65,26.7083818,88.4268741,122.0030594
